PR,URL,Title,Content type,Is rendered page,HTTP status code,Organic traffic,Depth,Title patch,Title patch status,Title length,No. of titles,Is indexable page
23,https://watchnexttonight.com/blog/decision-fatigue-streaming-overwhelm,"Decision Fatigue - Conquer Streaming Overwhelm, Embrace Effortless Entertainment Tonight",text/html; charset=utf-8,false,200,0,0,,,88,1,true
23,https://watchnexttonight.com/blog/mood-matched-content-aligning-your,Mood-Matched Content: Aligning Your Streaming Choices with Emotional Resonance,text/html; charset=utf-8,false,200,0,0,,,78,1,true
22,https://watchnexttonight.com/blog/genre-exploration-unlocking-new,Genre Exploration: Unlocking New Cinematic Worlds Beyond Your Usual Path,text/html; charset=utf-8,false,200,0,0,,,72,1,true
22,https://watchnexttonight.com/blog/trending-insights-staying-current,Trending Insights: Staying Current with Global Hot Content Conversations,text/html; charset=utf-8,false,200,0,0,,,72,1,true
21,https://watchnexttonight.com/blog/mood-driven-viewing-psychological,Mood-Driven Viewing: Psychological Insights into Films That Elevate Your Spirit,text/html; charset=utf-8,false,200,0,0,,,79,1,true
21,https://watchnexttonight.com/blog/watch-next-tonight-instantly,Watch Next Tonight: Instantly Find Your Perfect Movie Across Every Platform,text/html; charset=utf-8,false,200,0,0,,,75,1,true
21,https://watchnexttonight.com/blog/streaming-search-why-endless,Streaming Search: Why Endless Scrolling Steals Your Precious Viewing Hours,text/html; charset=utf-8,false,200,0,0,,,74,1,true
21,https://watchnexttonight.com/blog/effortless-discovery-the-magic,Effortless Discovery: The Magic of Finding Your Perfect Watch Instantly,text/html; charset=utf-8,false,200,0,0,,,71,1,true
21,https://watchnexttonight.com/blog/effortless-discovery-one-viewers,"Effortless Discovery: One Viewer’s Blueprint for Faster, Happier Watching",text/html; charset=utf-8,false,200,0,0,,,73,1,true
21,https://watchnexttonight.com/blog/personalized-recommendations-watch-next,Personalized Recommendations: Watch Next Tonight Delivers Your Favorite in Seconds,text/html; charset=utf-8,false,200,0,0,,,82,1,true
21,https://watchnexttonight.com/blog/personalized-watchlists-crafting-your,Personalized Watchlists: Crafting Your Perfect Curated Collection for Any Mood,text/html; charset=utf-8,false,200,0,0,,,78,1,true
21,https://watchnexttonight.com/blog/personalized-recommendations-decoding-your,Personalized Recommendations: Decoding Your Unique Taste for Favorite Content,text/html; charset=utf-8,false,200,0,0,,,77,1,true
21,https://watchnexttonight.com/blog/available-content-maximizing-your,Available Content: Maximizing Your Streaming Library Across All Platforms,text/html; charset=utf-8,false,200,0,0,,,73,1,true
21,https://watchnexttonight.com/blog/perfect-group-viewing-elevating,Perfect Group Viewing: Elevating Your Night with Harmonized Movie Picks,text/html; charset=utf-8,false,200,0,0,,,71,1,true
21,https://watchnexttonight.com/blog/cross-platform-discovery-watch-next,Cross-Platform Discovery: Watch Next Tonight Unlocks Every Streaming Service,text/html; charset=utf-8,false,200,0,0,,,76,1,true
21,https://watchnexttonight.com/blog/genre-blending-unlock-unexpected,Genre Blending: Unlock Unexpected Movie Masterpieces Beyond Your Usual Favorites,text/html; charset=utf-8,false,200,0,0,,,80,1,true
20,https://watchnexttonight.com/blog/entertainment-evolution-how-personalized,Entertainment Evolution: How Personalized Recommendations Are Reshaping Your Viewing Habits,text/html; charset=utf-8,false,200,0,0,,,91,1,true
20,https://watchnexttonight.com/blog/personalized-recommendations-the-magic,Personalized Recommendations: The Magic (and Limits) of AI for Movie Night,text/html; charset=utf-8,false,200,0,0,,,74,1,true
20,https://watchnexttonight.com/blog/binge-worthy-shows-unpacking-the,Binge-worthy Shows: Unpacking the Irresistible Pull of Modern Storytelling,text/html; charset=utf-8,false,200,0,0,,,74,1,true
20,https://watchnexttonight.com/blog/binge-watching-smarter-essential,Binge-Watching Smarter: Essential Habits for Effortless Content Discovery,text/html; charset=utf-8,false,200,0,0,,,73,1,true
20,https://watchnexttonight.com/blog/watch-next-tonight-real,Watch Next Tonight: Real Stories From Viewers Who Cut Search Time in Half,text/html; charset=utf-8,false,200,0,0,,,73,1,true
