PR,URL,Title,Content type,Is rendered page,HTTP status code,Organic traffic,Depth,Meta description,Meta description patch,Meta description patch status,Meta description length,No. of meta descriptions,Is indexable page
40,https://watchnexttonight.com/,Watch Next Tonight - Find Your Perfect Movie or Show,text/html; charset=utf-8,false,200,0,0,"Discover your next binge-worthy movie or TV show instantly. Get personalized recommendations based on your mood, genre preferences, and available streaming platforms.",,,166,1,true
23,https://watchnexttonight.com/blog/discover-hidden-gems-unearthing,Discover Hidden Gems: Unearthing Your Next Favorite Cinematic Journey,text/html; charset=utf-8,false,200,0,0,"Tired of algorithmic suggestions? Learn how to discover hidden gem movies and shows that truly resonate with your taste, using strategies that go beyond Netflix's homepage.",,,172,1,true
23,https://watchnexttonight.com/blog/decision-fatigue-streaming-overwhelm,"Decision Fatigue - Conquer Streaming Overwhelm, Embrace Effortless Entertainment Tonight",text/html; charset=utf-8,false,200,0,0,Struggling with streaming decision fatigue? Learn why too many choices cause decision paralysis and discover 8 proven strategies to enjoy stress-free viewing tonight.,,,166,1,true
23,https://watchnexttonight.com/blog/mood-matched-content-aligning-your,Mood-Matched Content: Aligning Your Streaming Choices with Emotional Resonance,text/html; charset=utf-8,false,200,0,0,Learn how to match streaming content to your emotional state for more satisfying viewing. Discover why mood-first selection creates better entertainment experiences.,,,165,1,true
22,https://watchnexttonight.com/blog/trending-now-how-global,Trending Now: How Global Hits Fuel Conversation and Connect Viewers,text/html; charset=utf-8,false,200,0,0,"Learn how cultural FOMO shapes viewing choices, why global hits fuel social connection, and practical ways to follow trends while keeping your watchlist intentional.",,,165,1,true
22,https://watchnexttonight.com/blog/streaming-overload-navigating-the,Streaming Overload: Navigating the Paradox of Choice Across Platforms,text/html; charset=utf-8,false,200,0,0,Overwhelmed by too many streaming options? Learn practical strategies to navigate the paradox of choice and make better viewing decisions across all your platforms.,,,164,1,true
21,https://watchnexttonight.com/blog/curated-watchlists-elevating-your,Curated Watchlists: Elevating Your Viewing with Personalized Picks,text/html; charset=utf-8,false,200,0,0,"Transform your streaming experience with expertly curated watchlists. Learn how to build, organize, and maintain personalized queues that deliver satisfaction every time.",,,170,1,true
21,https://watchnexttonight.com/blog/mood-driven-viewing-psychological,Mood-Driven Viewing: Psychological Insights into Films That Elevate Your Spirit,text/html; charset=utf-8,false,200,0,0,"Discover how movies affect your emotions. Learn how mood-driven viewing can elevate your spirit and align films with your psychological needs, backed by research.",,,162,1,true
21,https://watchnexttonight.com/blog/watch-next-tonight-instantly,Watch Next Tonight: Instantly Find Your Perfect Movie Across Every Platform,text/html; charset=utf-8,false,200,0,0,"Skip endless scrolling. Discover how Watch Next Tonight instantly finds the perfect movie across Netflix, Disney+, Prime, and more with a single recommendation system.",,,167,1,true
21,https://watchnexttonight.com/blog/streaming-search-why-endless,Streaming Search: Why Endless Scrolling Steals Your Precious Viewing Hours,text/html; charset=utf-8,false,200,0,0,"Tired of endless scrolling? Learn why streaming search is broken, how it wastes precious hours, and discover smarter ways to find the perfect content without frustration.",,,170,1,true
21,https://watchnexttonight.com/blog/streaming-fatigue-solution-watch,Streaming Fatigue Solution: Watch Next Tonight's Effortless Viewing,text/html; charset=utf-8,false,200,0,0,End streaming fatigue forever. Discover how Watch Next Tonight transforms exhausting choice into effortless viewing with smart recommendations and unified search.,,,162,1,true
21,https://watchnexttonight.com/blog/personalized-recommendations-watch-next,Personalized Recommendations: Watch Next Tonight Delivers Your Favorite in Seconds,text/html; charset=utf-8,false,200,0,0,Discover how Watch Next Tonight's personalized recommendation engine delivers your perfect match in seconds. Smart algorithms meet human taste for effortless viewing.,,,166,1,true
21,https://watchnexttonight.com/blog/searching-less-defeating-decision,Searching Less: Defeating Decision Fatigue for Effortless Viewing,text/html; charset=utf-8,false,200,0,0,Stop wasting your evening searching for something to watch. Learn proven strategies to defeat decision fatigue and transform streaming from frustrating to effortless.,,,166,1,true
21,https://watchnexttonight.com/blog/genre-blending-unlock-unexpected,Genre Blending: Unlock Unexpected Movie Masterpieces Beyond Your Usual Favorites,text/html; charset=utf-8,false,200,0,0,Break out of your streaming rut. Learn how niche genres and foreign films expand your cinematic horizons and uncover unexpected movie masterpieces beyond the mainstream.,,,169,1,true
20,https://watchnexttonight.com/blog/entertainment-evolution-how-personalized,Entertainment Evolution: How Personalized Recommendations Are Reshaping Your Viewing Habits,text/html; charset=utf-8,false,200,0,0,"Understand the evolution of entertainment from linear TV to personalized streaming. Learn the benefits, blind spots, and the future of recommendation systems — plus practical tips to use them wisely.",,,199,1,true
20,https://watchnexttonight.com/about,About Watch Next Tonight - Your Personalized Streaming Guide,text/html; charset=utf-8,false,200,0,0,"Learn about Watch Next Tonight, the AI-powered streaming recommendation platform helping millions find their perfect movie or TV show across all major platforms.",,,161,1,true
20,https://watchnexttonight.com/blog/trending-now-discover-global,Trending Now: Discover Global Voices Without Losing Your Taste,text/html; charset=utf-8,false,200,0,0,"Learn how to follow global trends and keep your viewing intentional — use a weekly trend slot, a 70/30 ratio, and spoiler buffers to stay connected without fatigue.",,,164,1,true
20,https://watchnexttonight.com/blog/effortless-discovery-reclaim-your,Effortless Discovery: Reclaim Your Evenings From Endless Scrolling,text/html; charset=utf-8,false,200,0,0,"Reclaim your evenings with mood-first filters, timeboxing, curated lists, and cross-platform discovery. Turn decision paralysis into a fast, satisfying viewing ritual.",,,167,1,true
20,https://watchnexttonight.com/blog/binge-watching-smarter-essential,Binge-Watching Smarter: Essential Habits for Effortless Content Discovery,text/html; charset=utf-8,false,200,0,0,"Learn essential binge-watching habits that cut decision fatigue and make content discovery effortless, from watchlist rituals to mood-based filters and timeboxing.",,,163,1,true
20,https://watchnexttonight.com/blog/watch-next-tonight-real,Watch Next Tonight: Real Stories From Viewers Who Cut Search Time in Half,text/html; charset=utf-8,false,200,0,0,"See how real viewers reduced decision time using mood-first filters, timeboxing, and Watch Next Tonight’s single suggestion — and how you can copy their playbook.",,,162,1,true
20,https://watchnexttonight.com/blog/watch-next-tonight-your,Watch Next Tonight: Your Cross-Platform Shortcut to the Perfect Pick,text/html; charset=utf-8,false,200,0,0,"Discover how Watch Next Tonight simplifies cross-platform discovery with mood filters, runtime caps, and a single, confident recommendation so you press play faster.",,,165,1,true
